sItem;sDesc;SECTION
WATESKA35; ESKA - NATURAL SPRING WATER / 35 X 500ML (DEPOSIT/ECOFEE 3.85$ INCLUDED);SEC
KRAFTBOX3;#3 TAKEOUT KRAFT BOX (200UN);SEC
BAGP12X7;#65 12X7X17 KRAFT PAPER BAGS (500UN);SEC
SVKPBAGL;(M490) SVKBAR PAPER BAGS 13X7X13;SEC
NORIYMYJUN;*JUN* ROASTED NORI SEAWEED (FULL SHEET) / 10 X 50;SEC
PIZB10;10 INCH BROWN PIZZA BOX (50UN);SEC
BAGPH10X5;10X5X13 KRAFT PAPER BAGS WITH HANDLE (250UN);SEC
PIZB12;12 INCH BROWN PIZZA BOX (50UN);SEC
BAGP12;12LBS KRAFT PAPER BAGS (500UN);SEC
BAGPH13X7;13X7X13 KRAFT PAPER BAGS WITH HANDLE (250UN);SEC
PIZB14;14 INCH BROWN PIZZA BOX (50UN);SEC
BAGP14;14LBS KRAFT PAPER BAGS (500UN);SEC
PIZB16;16 INCH BROWN PIZZA BOX (50UN);SEC
BAGP1;1LB KRAFT PAPER BAGS (1000UN);SEC
BLKNAPKIN;2 PLY BLACK DINNER NAPKIN 1/8  (5X200);SEC
BAGP20;20LBS KRAFT PAPER BAGS (500UN);SEC
BAGP2;2LBS BROWN PAPER BAGS (500UN);SEC
CONTRECT42;42OZ RECTANGLE PLASTIC CONTAINER (150 UN);SEC
TOM5X6;5X6 TOMATOES (25LBS);SEC 2
7UPCAN;7UP - SODA 32X355ML (ECOFEE 0.32 INCLUDED);SEC
7UPCAN0;7UP ZERO 32X355ML (ECOFRAIS 0.32 INCLUS);SEC
PIZB8;8 INCH BROWN PIZZA BOX (50UN);SEC
8.25X4.75PAPERBAG;8.25X4.75X10.5 KRAFT PAPER BAGS WITH HANDLE (250UN);SEC
PLATBAGAS88;9 INCH BAGASSE ROUND PLATTERS (500UN);SEC
BAKESODA;A & H - BAKING SODA (2KG);SEC UNIT
WATAQUAPN;ACQUA PANNA - GLASS BOTTLE TAP WATER (12X750ML);SEC
YEAST;ACTIVE DRY YEAST (907G);SEC UNIT
BAKROS;ADM BAKERS ROSES - ALL PURPOSE FLOUR (20KG);SEC
STRAWSAGBLK15;AGAVE COCKTAIL STRAWS - 6 INCH - 2500 UN;SEC
STR-002;AGAVE STRAW 6 INCH 250UNIT;SEC
STR-001;AGAVE STRAW 8 INCH 250UNIT;SEC
STRAWS26;AGAVE STRAWS 26 CM INDIVIDUALLY WRAPPED (4X500UN);SEC
COCOAPOW;AGROFUSION - CACAO POWDER 3KG;SEC
ALPHABET;ALPHABET DES PÂTES (9.07 KG);SEC
STOBIAPLAT7;ALUMINIUM 7 INCH ROUND CONTAINERS (500UN);SEC
STOBIA8BASE;ALUMINIUM 8 INCH ROUND CONTAINERS (500UN);SEC
ALUMFOIL30;ALUMINIUM FOIL 30CMX200M;SEC UNIT
ALUMFOIL45;ALUMINIUM FOIL 45CMX100M;SEC UNIT
COMPOTPOM6;APPLESNAX - APPLE SAUCE / 6 X 2.84L;SEC
FLR-001;ARDENT MILLS - BREAD FLOUR - 20 KG;SEC
AROYDCOCO12;AROYD - COCONUT MILK / 12 X 1L;SEC
MILKCOCO24;AROY-D COCONUT MILK IN CAN 24X400ML;SEC
CONTBAG66;BAGASSE CONTAINER 6X6 (500UN);SEC
CONTBAG88;BAGASSE CONTAINER 8X8 (200UN);SEC
CONTBAG96;BAGASSE CONTAINER 9X6 (250UN);SEC
CONTBAG99;BAGASSE CONTAINER 9X9 (200UN);SEC
FEVL;BAKED PORK BEANS (6L);SEC
BALSAGLAZE;BALSAMIC GLAZE / 380ML;SEC UNIT
BAMBSKEWTW;BAMBOO SKEWERS TWISTED 4 INCH (10X100UN);SEC UNIT
BANDOLE;BANANA *DOLE* TURN;SEC 2
BANYELDOL;BANANA *DOLE* YELLOW;SEC 2
BANGREEN;BANANA GREEN;SEC
BANTURN;BANANA TURN;SEC
BANYELLOW;BANANA YELLOW;SEC
BASMATI;BASMATI RICE 6KG;SEC
BAYLEAVES;BAY LEAVES (250G);SEC UNIT
BELCO;BELCOLADE - CHOCOLAT PASTILLE 55%  (5 KG);SEC
BELJT;BELVARIO - JUS DE TOMATE (6 X 2.84L);SEC
BELVAPATE;BELVARIO - PÂTE DE TOMATE (6 X 2.84L);SEC
BELVADES;BELVARIO - TOMATE COUPEE EN DES (6 X 2.84L);SEC
BELVABROY;BELVARIO - TOMATE ECRASEE (6 X 2.84 L);SEC
MAPLESYRUPBERNARD;BERNARD PURE - MAPLE SYRUP 4L;SEC UNIT
PAPROLLBIGTHERMWH;BIG WHITE THERMAL PAPER ROLLS / 3.125INCH X 200FT (50UN);SEC
BIRTRIOWR;BIRCH CUTLERY TRIO WRAPPED (250UN);SEC
BIRFORKS;BIRCH FORKS (1000UN);SEC
BIRSPOON;BIRCH SPOON (X1000UN);SEC
BIRSPOONWR;BIRCH SPOON INDIVIDUALLY WRAPPED (500UN);SEC
NAPKBLK;BLACK COCKTAIL NAPKIN / 2-PLY / 1000 UNITS;SEC
BAGBLK2224;BLACK GARBAGE BAGS 22X24 (500UN);SEC
BAGBLK4248;BLACK GARBAGE BAGS 42X48 (100UN);SEC
NETHAIRBLK;BLACK HAIR NET (X100UN);SEC UNIT
SESAMEBLKPCS;BLACK ROASTED SESAME SEEDS (1KG);SEC UNIT
SESAMEBLK;BLACK ROASTED SESAME SEEDS FULL BOX (12 X 1KG);SEC UNIT
TAT-004;BLACK TARTLET MOLD 80X37MM;SEC
PEPCORNBLK;BLACK WHOLE PEPPERCORNS (2.1KG);SEC UNIT
MOPHEADBLUE;BLUE MOP HEAD (X2);SEC UNIT
PAPTOWBOUNTYPLUS;BOUNTY PLUS - PAPER TOWEL (12X86);SEC
BOVRIL;BOVRIL - CONCENTRE DE B?UF (2 X 4L);SEC
BBLKIWI;BULLE BLEU KIWI 4X3.1KG;SEC
BBLMELOND;BULLE BLEU MELON-D'EAU 4X3.1 KG;SEC
BBSTRAW;BULLE BLEUE FRAISE 4X3.1KG BOX;SEC
BBLIME;BULLE BLEUE LIME 4X3.1KG;SEC
BBMANGO;BULLE BLEUE MANGUE 4X3.1KG BOX;SEC
RICEBUNTUOI;BUN TUOI - RICE VERMICELLI / 30 X 400G;SEC
CUPS4OZ;CAFE CIOCIAROS / 4OZ CUPS (1000/CS);SEC
CAJUNSPICE;CAJUN SEASONING (650G);SEC UNIT
CANDRY24;CANADA DRY - CLUB SODA 24X355ML (ECOFEE 0.32 INCLUDED);SEC
GINGCAN;CANADA DRY - GINGER ALE 32X355ML (ECOFEE 0.32 INCLUDED);SEC
PAM;CANOLA BAKING SPRAY (6X400G);SEC UNIT
CANOIL;CANOLA OIL (16L);SEC
CPRS;CAPERS CAPPUCCINE 2X3.78L;SEC
MILKCARN;CARNATION - EVAPORATED MILK (6X354ML);SEC UNIT
PAPERTOW;CASCADES - 100% RECYCLED BROWN HAND PAPER TOWEL ROLL X12;SEC
CASCFLUFF;CASCADES FLUFF 0613 PAPIER HYGIEN. 2PLY BATH. TISSUE (40UN);SEC
PEPCAYEN;CAYENNE PEPPER (1.8KG);SEC UNIT
WAXPAPBLK;CHEKERED BLACK AND WHITE WAX PAPER LINER (2000UN);SEC
CHIASEED;CHIA SEEDS / 1KG;SEC UNIT
SPICECHICK;CHICKEN SPICE MTL STYLE (2.8KG);SEC UNIT
PASTECHILISOYPCS;CHILI PASTE WITH SOYBEAN OIL - PANTAI / 500G;SEC UNIT
POWCHILI;CHILI POWDER (2KG);SEC UNIT
CHIMIBLUE;CHIMISOL BLUE KITCHEN & FLOOR (4L);SEC UNIT
CHIMIGREEN;CHIMISOL GREEN SANITISER WITH BLEACH (4L);SEC UNIT
CHIMIORANGE;CHIMISOL ORANGE WALL FLOOR (4L);SEC
CHIMIRED;CHIMISOL RED GRILL CLEANER (4L);SEC UNIT
CHINCOOK;CHINESE COOKING WHINE VINEGAR / 12 X 600ML;SEC
CHOPSTICK20;CHOPSTICKS 20CM BAMBOO (2000PAIRS);SEC
PS7833;CIMO - CAFE ESPRESSO SAC BLEU 2KG;SEC UNIT
CINSTICKS;CINNAMON STICKS / BATONNETS DE CANNELLE 700G;SEC UNIT
CLASSIBLUE20;CLASSI-K - BLUE RINSE AGENT (20L);SEC
CLASSIORANGE10;CLASSI-K - ORANGE FLOOR CLEANER (10L);SEC
CLASSIPINK10;CLASSI-K - PINK HAND SOAD (10L);SEC
CLASSIYELLAP10;CLASSI-K - YELLOW ALL PURPOSE CLEANER (10L);SEC
CLASSIYELLDWL10;CLASSI-K - YELLOW DISHWASHING LIQUID (10L);SEC
BTCUPS;CLEAR BUBBLE TEA CUPS (NO LIDS) 700ML (500 UNITS);SEC
BAGCL3550;CLEAR GARBAGE BAGS 35X50 (100UN);SEC
BAGCL2224;CLEAR KITCHEN BAGS 22X24 (500UN);SEC
LIDS4BOL150;CLEAR LIDS #150 FOR 26OZ BOWL;SEC
LIDS4BOL165;CLEAR LIDS #165 FOR 38OZ BOWL (300UN);SEC
LIDS4BOL90;CLEAR LIDS #90 FOR 8OZ BOWL;SEC
LIDS4BOL97;CLEAR LIDS #97 FOR 16 OZ BOWL / 500 UNITS;SEC
BLCKBEAN;CLIC - BLACK TURTLE BEAN - 6 X 2.84 L;SEC
CLIC;CLIC - CHICKPEAS IN CANS (6X2.84L);SEC
COUSCOUSMED5;CLIC - MEDIUM COUSCOUS / 10 KG;SEC UNIT
CHICKPEAS10;CLIC - POIS CHICHES / 10 KG;SEC
COCA32;COCACOLA ORIGINAL 32X355ML (ECOFEE 0.32 INCLUDED);SEC
COCAZERO32;COCA-COLA ZERO 32X355ML (ECOFEE 0.32 INCLUDED);SEC
PALMSCOCKBRAND;COCK BRAND - PALM SUGAR / 24 X 454G;SEC
PASTECURRED;COCK BRAND - RED CURRY PASTE / 12 X 1KG;SEC
PASTECURREDPCS;COCK BRAND - RED CURRY PASTE / 1KG;SEC UNIT
PASTECURYEL;COCK BRAND - YELLOW CURRY PASTE / 12 X 1KG;SEC
PASTECURYELPCS;COCK BRAND - YELLOW CURRY PASTE / 1KG;SEC UNIT
COKEDT32;COKE DIET 32X355ML (ECOFEE 0.32 INCLUDED);SEC
ONICOL;COLOSSAL ONIONS 50LBS;SEC 2
STARCHCORN;CORN STARCH 20KG;SEC
CRABPSTSOYPCS;CRABE PASTE WITH SOY BEAN OIL  / 430G;SEC UNIT
PEPPERBLKCRACK;CRACKED BLACK PEPPER (1.7KG);SEC UNIT
JUICECRAN;CRANBERRY JUICE (2X1.89L);SEC UNIT
CRUSHOR24;CRUSH ORANGE SODA / 24X355ML (ECOFEE 0.24 INCLUDED);SEC
PEPCAYENCRUSH;CRUSHED CAYENNE PEPPER (1.4KG);SEC UNIT
CHISPOOBAGA;CUILLERE A SOUPE CHINOISE EN BAGASSE (X1000);SEC
POWCURRY;CURRY POWDER (2.2KG);SEC UNIT
MAYOD;DAMEN MAYONNAISE (15LT);SEC
POIVRONROUGEGRILL;DANIEL'S - ROASTED RED PEPPER STRIPS / 1 X 2.84L;SEC UNIT
SUGARDRKBROWN;DARK BROWN SUGAR (20KG);SEC
DARKSOYRED;DARK SOYA P.R (RED LABEL) / 2 X 8L;SEC UNIT
DAWN378;DAWN (POMP) DISHWASHER DETERGENT (3.78L);SEC UNIT
CONTDELI12;DELI 12OZ PLASTIC CONTAINER / LIDS INCLUDED (240UN);SEC
CONTDELI16;DELI 16OZ PLASTIC CONTAINER / LIDS INCLUDED (240UN);SEC
CONTDELI32;DELI 32OZ CONTAINER - LIDS INCLUDED (240 UNITS);SEC
CONTDELI8;DELI 8OZ PLASTIC CONTAINER / LIDS INCLUDED (240UN);SEC
TOMDEM;DEMERS - HYDRO TOMATOES 15LBS;SEC 2
DIJ-002;DIJON MUSTARD 3.78L - MAILLE;SEC
NAPKWHITE;DINNER NAPKIN / 1 PLY / 3000 UNITS;SEC
DINERNAP2;DINNER NAPKIN 2 PLY (3000 UNITS);SEC
ANCHODRIED;DRIED CHILI ANCHO 5LBS;SEC
PASILLA;DRIED CHILI PASILLA 5LBS;SEC
DRYCRAN;DRIED CRANBERRIES / CANNEBERGE SECHE 1.8KG;SEC UNIT
BONITOFLAKE;DRIED SHAVED BONITO / 6 X 453 GR;SEC
GUAJILL;DRIED WHOLE CHILI GUAJILLO (5LBS);SEC
DULCE;DULCE DE LECHE SPREAD (5KG);SEC
RICESTICKM;ERAWAN - BÂTONNETS DE RIZ MOYENS / 30 X 454G;SEC
RICESTICKXL;ERAWAN - RICE STICKS *XL* (30X454G);SEC
RICESTICKS;ERAWAN - RICE STICKS SMALL /  30 X 454G;SEC
PAPTOWCASC60;EVEREST PRO - WHITE PAPER TOWEL ROLLS (X12);SEC
WATEVIANGLS;EVIAN - NATURAL WATER INGLASS  / 12 X 750ML;SEC
BAGBLK3550;EXTRA STRONG BLACK GARBAGE BAGS 35X50 (100UN);SEC
OASAPP12;FAIRLEE - APPLE JUICE  / 12 X 1L;SEC
JUSORANGE;FAIRLEE - ORANGE JUICE / 12 X 1L;SEC
JUSANA;FAIRLEE - PINEAPPLE JUICE / 12 X 1L;SEC
FETT;FETTUCCINE / 20LBS;SEC
FEVERGING;FEVERTREE - GINGER BEER (24X250ML);SEC
INSTANTYEAST;FLEISCHMANNS - INSTANT DRY YEAST / 454G;SEC UNIT
FDSEL;FLEUR DE SEL - 1 X 1.36 KG;SEC
HIBISCUS5LBS;FLOR DE JAMAICA - HIBISCUS FLOWER 5LBS;SEC
FOCOCOCO;FOCO - COCONUT DRINK 24X350ML;SEC
FOCOLYCHEE;FOCO - LYCHEE JUICE 24X350ML;SEC
FOCOMANGO;FOCO - MANGO NECTAR 24X350ML;SEC
FOCOROASTCOCO;FOCO - ROASTED COCONUT 24X350ML;SEC
FOCOCOCOWATER;FOCO COCONUT WATER (12 X 1L);SEC
FRANKCAYEN;FRANKS - REDHOT SAUCE PIMENT DE CAYENNE (4X3.78L);SEC UNIT
REDHOTCHFRANK;FRANKS REDHOT - SWEET CHILI SAUCE (4 X 1.89L);SEC UNIT
MUSTFRENCH2;FRENCHS - YELLOW MUSTARD (2 X 2.84L);SEC UNIT
FRYONIPCS;FRIED CRISPY ONIONS (400G);SEC UNIT
FRYGAR;FRIED GARLIC / 450G;SEC
FRYONI;FRIED ONIONS (15X400G);SEC
BAGROLL;FRUIT PLASTIC BAG ROLLS 10.5''X15'' (2UN);SEC
SUNMED6;FRUIT SALAD COCKTAIL - 6 X 2.84L;SEC
FUSILLI;FUSILLI DE PÂTES (9.07 KG);SEC
FUZEC;FUZE ICED TEA / 32 X 341ML (ECOFEE 0.32 INCLUDED);SEC
CROUT5;GARLIC CROUTONS (5KG);SEC
POWGARL;GARLIC POWDER (2KG);SEC UNIT
SELAIL5.5KG;GARLIC SALT (5.5KG);SEC
GGERAMENOR;GGE WHEAT CRACKER - ORIGINAL RAMEN 15X80G;SEC
SACSANDWICH;"GIANT DRY WAXED SANDWICH BAGS (6"" X 2"" X 9"")  / 1000UN";SEC
DRK-001;GINGER BEER - GREAT GENTLEMAN 6X250ML;SEC
POKESAUCE378;GLUTEN FREE POKE SAUCE 6X378ML;SEC
GOCHUJIANG1;GOCHUJIANG / 1KG;SEC UNIT
SAUCEGOLDMNT;GOLDEN MOUNTAIN  - SOYBEAN SAUCE SEASONING SAUCE / 12 X 600ML;SEC
TEMPURATENDAMA;GOLDEN SEA - TENDAMA TEMPURA TENKASU (6X1KG);SEC
RICEGOLDENSW;GOLDEN SWALLOW - DONGGUAN RICE VERMICELLI (50 X 400G);SEC
SUSHIRCGOZ;GOZEN - SUSHI SHORT GRAIN RICE (50LBS);SEC
GRAHAM;GRAHAM CRUMBS (5KG);SEC
GARGRAN;GRANULATED GARLIC (2.5KG);SEC UNIT
PADSCOUR;GREEN SCOURING PADS (X18);SEC UNIT
SOYAPAPGR;GREEN SOYA PAPER (X10PACKS);SEC
PEPPERBLKGR;GROUND BLACK PEPPER (1.9KG);SEC UNIT
CINNGRND;GROUND CINNAMON (1.6KG);SEC UNIT
CUMINGRND;GROUND CUMIN (2KG);SEC UNIT
TURMGRND;GROUND TURMERIC (2KG);SEC UNIT
PEPPERWHGR;GROUND WHITE PEPPER (2.2KG);SEC UNIT
GUM-010;GUMMY KASUGAI MANGO (24X102G);SEC
PAPTOWCASC30;H030 - CASCADES WHITE TOWELS (12X350);SEC
CASLH17;H175 - CASCADE PRO BROWN MULTIFOLD PAPER  (X16);SEC
NOODHM;HANDMADE NOODLES / 18 X 440G;SEC
HARICOTCAN;HARICOTS ROUGES EN CONSERVE (6X2.84L);SEC
HEINEKENZERO;HEINEKEN ZERO (24 X 330ML);SEC
KETCHUP2X1.25L;HEINZ - KETCHUP (4 X (2X1.5L));SEC UNIT
HEINZKETCHUP4;HEINZ - KETCHUP IN PLASTIC JAR *BIG RED* (4X2.84L);SEC
KETCH12X375;HEINZ - KETCHUP SQUEEZE BOTTLE / 24 X 375ML;SEC
HELLMANMAYO4;HELLMANNS - MAYONNAISE (4L);SEC
MAYO12X340;HELLMANN'S - MAYONNAISE SQUEEZE BOTTLE / 12 X3 40ML;SEC
MAYOSPICY378;HELLMANS - SPICY MAYONNAISE (2 X 3.78L);SEC UNIT
MARU-010;HIME MARU AMANOYA (20X98G);SEC
SAUCEHOISIN65;HOISIN SAUCE / 6 X 5LBS;SEC
HONEYBIO1;HONEY BIO (1KG);SEC UNIT
SAUCTOMBOX;HUNT'S - SAUCE TOMATE (12 X 680ML);SEC
SAMOLEK;HUY FONG - SAMBAL OELEK / 3 X 3.5L;SEC
SRISAU;HUY FONG - SRIRACHA HOT SAUCE / 12 X 28OZ;SEC
TOMHYDRO;HYDRO TOMATOES (15LBS);SEC
INSULATED10.5;INSULATED ALUMINIUM SHEET 10.5X13 (1000UN);SEC UNIT
ALUMIINSUL;INSULATED ALUMINIUM SHEET 12X 12 (2 X 1000UN);SEC
ALUMI14X14;INSULATED ALUMINIUM SHEET 14X14 ( 2 X 1000 UN);SEC
NAPKDISP;INTERFOLD DISPENSER WHITE NAPKINS / 2-PLY / 20 X 300 UNITS;SEC
JARRGRPFRT;JARRITOS GRAPEFRUIT (24X370ML);SEC
JARRLIME;JARRITOS LIME (24X370ML);SEC
JARRMANDA;JARRITOS MANDARIN (24X370ML);SEC
JARRMANGO;JARRITOS MANGO (24X370ML);SEC
JARRPINE;JARRITOS PINEAPPLE (24X370ML);SEC
JARRSTRAW;JARRITOS STRAWBERRY (24X370ML);SEC
JARRTAMA;JARRITOS TAMARIND (24X370ML);SEC
CAN-001;JUANITAS - MEXICAN STYLE HOMINY - 6 X 2.84 L;SEC
SUAVEROLL;JUMBO TOILET PAPER ROLL (8 UNITS);SEC
SESAMEOIL;KADOYA - SESAME OIL / 1.65L;SEC UNIT
KALAS;KALAS - SEA SALT (3X750G);SEC UNIT
CORNFLAKES;KELLOGGS -CORN FLAKES CEREAL / 1.22KG;SEC UNIT
KETCHUPSACH;KETCHUP PACKETS (X1000);SEC
KEWPIEMAYO;KEWPIE JAPANESE MAYONNAISE (20X450G);SEC
MIRIN189;KIKKOMAN - MIRIN KOTTERIN / 18.9L;SEC
SAUCESOYKIK;KIKKOMAN - SOYA SAUCE / 18.9L;SEC
HONEYKIRK3;KIRKLAND - HONEY (3KG);SEC UNIT
CHICKCUBKNOR;KNORR - CHICKEN BROTH 1KG;SEC UNIT
MUSTDIJON;KNORR - DIJON MUSTARD (5.3L);SEC UNIT
KODIAKBLUE;KODIAK - FOOD SERVICE BLUE CLOTHS (200UN);SEC
BBQKRAFT3.78;KRAFT - BBQ SAUCE (2 X 3.78L);SEC UNIT
KRAFTCHOU;KRAFT - COLESLAW SAUCE - (2 X 3.78L);SEC
PARMKRAFT;KRAFT - PARMESAN / 710G;SEC
PEANUTBUTKRFTPCS;KRAFT - PEANUT BUTTER (2KG);SEC UNIT
SAUCETARTARPOR;KRAFT - TARTAR SAUCE PORTIONS (200X18ML);SEC
BWL-001;KRAFT BOWL BASE 12 OZ - 355 ML - 200 UN;SEC
BOWLKRAFT16;KRAFT BOWL BASE 16OZ / 480ML / 500UN;SEC
BOWLKRAFT24;KRAFT BOWL BASE 26OZ / 750ML (300UN);SEC
BOWLKRAFT38;KRAFT BOWL BASE 36-38OZ / 1100ML (300UN);SEC
BOWLKRAFT8;KRAFT BOWL BASE 8OZ / 240ML (300UN);SEC
32KRAFTB;KRAFT REGULAR 34 OZ  (946 ML) BOWL (300 UNITS);SEC
TAHINI907;KRINOS - TAHINI (750ML);SEC UNIT
BLEACHPARIS;LA PARISIENNE - BLEACH / EAU DE JAVEL (3X3.6L);SEC
SVKOLIV;LARGE KALAMATA OLIVES;SEC
GLOVBLKNITL;LARGE NITRIL BLACK GLOVES / 10 X 100 UNITS;SEC
TARTROUND80MM;LARGE TART ROUND 80MM (108 UNIT);SEC
GLOVVINL;LARGE VINYL CLEAR GLOVES / 10 X 100 UNITS;SEC
LEA&PERRINS;LEA PERRINS - WORCESTERSHIRE SAUCE (2 X 3.7 L);SEC UNIT
GREENLEN;LENTILLES VERTES EN CONSERVE (6 X 2.84L);SEC
LID32REG;LIDS 150 MM FOR REGUALR KRAFT BOWL 34 OZ (300 UNITS);SEC
LID-001;LIDS FOR 10-12-16 OZ COFFEE CUP - 90MM - 1000PCS;SEC
LID-004;LIDS FOR 12 OZ KRAFT BOWL - 300 UN;SEC
LID-003;LIDS FOR 8 OZ COFFEE CUP - 80MM - 1000PCS;SEC
LID1OZ;LIDS FOR PORTION CUP 1OZ (2500 UNITS);SEC
EMB451;LIDS FOR PORTION CUPS 1.5 / 2 / 2.5 OZ (2500UN);SEC
LIDS325;LIDS FOR PORTION CUPS CLEAR 3.25 & 4OZ (2500UN);SEC
VEGSHORT;LIQUID SHORTENING (16L);SEC
MILKLUCKSW;LUCKY SWEETENED CONDENSED MILK (24X300ML);SEC
AROYDLYCHEE;LYCHEE IN SYRUP (24X540ML);SEC
MACAR9KG;MACARONI 9.07KG;SEC
SAUCEMAGGI6;MAGGI SAUCE / 6 X 800ML;SEC
BAKEPOW;MAGIC - BAKING POWDER (2.5KG);SEC UNIT
MAPLESYRUP1L;MAPLE SYRUP 1L;SEC
SEL-002;MARSEL - COARSE SEA SALT 25KG;SEC
VNGSUSHIRICESM;MARUKAN - SUSHI RICE VINEGAR (3.78L);SEC UNIT
MASECA;MASECA - GLUTEN FREE INSTANT CORN FLOUR (1.8KG);SEC
MEATPAP525;MEAT PAPER 5.25X5.25 (1000UN);SEC
GLOVBLKNITM;MEDIUM NITRIL BLACK GLOVES / 10 X 100 UNITS;SEC
GLOVVINM;MEDIUM VINYL CLEAR GLOVES / 10 X 100 UNITS;SEC
CONTEP6;MFPP WHITE PLASTIC CONTAINER (6X6X3) (250 UN);SEC
CONTM;MFPP WHITE PLASTIC TAKE-OUT CONTAINERS 8X8X3 (150UN);SEC
MINICHOCO;MINI CHOCOLATINE (2 X 400G);SEC
MINICONE78MM;MINI CONE 78MM (140 UNIT);SEC
MINICROIS;MINI CROISSANT (2 X 350G);SEC
TAT-006;MINI SPOON TARTLET 75X30MM;SEC
TARTREG;MINI SWEET RECTANGULAR TARTELET 100% (245 UNITS);SEC
MISO20KG;MISO PASTE SOY BEAN PASTE / 20KG;SEC
MOCHISTRAW;MOCHI CAKE STAWBERRY 200X12;SEC
MONTORIG;MONTELLIER - CARBONATED WATER / 24 X 355ML;SEC
CLAMAORIG;MOTTS - ORIGINAL CLAMATO (8 X 1.89L) (DEPOSIT 0.80$ INCLUDED);SEC
MRNET;MR NET - ALL PURPOSE CLEANER (5.2L);SEC
MU44L;MUSTARD;SEC
SAUCECHED;MUY FRESCO - CHEDDAR CHEESE SAUCE 3KG;SEC UNIT
SUSHIRCNISHI;NISHIKI MUSENMAI - SUSHI RICE (50LBS);SEC
NORIFULL;NORI GOLD FULL SHEET (4000UN) BIG BOX;SEC
OASAPP300;OASIS - APPLE JUICE / 24 X 300ML;SEC
OASOR24;OASIS - ORANGE JUICE / 24 X 300ML;SEC
OLIVECERIGN;OLIVE CERIGNOLA (1.5L);SEC UNIT
ONIGRAN;ONION GRANULATED (2.1KG);SEC UNIT
POWONI;ONION POWDER (2.5KG);SEC UNIT
ORANGINACAN;ORANGINA SPARKLING CITRUS CANS (24X330ML);SEC
OREGLEAVES;OREGANO LEAVES (600G);SEC UNIT
OYSSAU;OYSTER SAUCE PANDA (6X5LBS);SEC
PALM427;PALMOLIVE - DISHWASHER DETERGENT (4.27L);SEC UNIT
PAMCAN;PAM - CANOLA SPRAY / ALLERGEN-FREE / 6 X 400GR;SEC
PANKO9;PANKO BREAD CRUMBS (9KG);SEC
RICEPARB20;PAR EXCELLENCE- PARBOILED LONG GRAIN RICE (20KG);SEC
PARCHPAP;PARCHMENT PAPER BAKING 16 X 24 (1000UN);SEC
PARSFLAK;PARSLEY FLAKES (400G);SEC UNIT
BANYELLOWPCS;PCS YELLOW BANANA;SEC
PAPERPEACH;PEACH PAPER 8X11 (1000UN);SEC
SAUCEPEANUT;PEANUT SAUCE ARACHIDE (12X203ML);SEC
PEANUTSKINLESS;PEANUTS SKINLESS (5LBS);SEC UNIT
TABLESYR;PEARL MILLING - TABLE SYRUP / 3.78 L;SEC UNIT
PENNERIG;PENNE RIGATE (2 X 4.54KG);SEC
PEPSIDT32;PEPSI DIET 32X355ML (ECOFEES 0.32 INCLUDED);SEC
PEPSI32;PEPSI ORIGINAL 32X355ML (ECOFEE 0.32 INCLUDED);SEC
PEPSIZR32;PEPSI ZERO 32X355ML (ECOFRAIS 0.32 INCLUS);SEC
PERRIER500;PERRIER - CARBONATED NATURAL WATER / 24 X 500 ML;SEC
WATPERRIERCAN;PERRIER - CARBONATED WATER IN CANS (24X330ML);SEC
WATPERRIERGLASS;PERRIER - CARBONATED. WATER IN GLASS BOTTLES  / 24 X 330ML;SEC
PH;PH MILLS - STRONG BAKERS FLOUR (20KG);SEC
EASYOFF;PHARAON - EASY OFF AEROSOL OVEN CLEANER (510GR);SEC UNIT
PINESOL518;PINESOL MULTI SURFACE (3X5.18L);SEC UNIT
GIN-001;PINK MARINATED GINGER SUSHI (1X25LBS) CHINE;SEC
SOYAPAPPNK;PINK SOYA PAPER (X10PACKS);SEC
PINTOBEAN;PINTO BEAN (6 X 2.84L);SEC
FARPIZZA20KG;PIZZA FLOUR / 20KG;SEC
PLANT;PLANTAIN BANANA;SEC
LIDSALUM7;PLASTIC DOME LIDS 7 INCH FOR ALUMINUM PLATES (500UN);SEC
LIDSALUM8;PLASTIC DOME LIDS 8 INCH FOR ALUMINUM PLATES (500UN);SEC
FORKPLAST;PLASTIC FORKS (1000UN);SEC
SPOONPLAST;PLASTIC SPOON (X1000UN);SEC
POK-010;POCKY CHOCOLATE SMALL (16X10X40GR);SEC
POK-020;POCKY GREEN TEA (16X10X40GR);SEC
POISJAUNE;POIS JAUNES ENTIERS 10 KG;SEC
HAP-010;POIS WASABI HAPI (12X120GR);SEC
PAPRIKASP;POIVRON (1.8 KG);SEC UNIT
GLV-001;POLYETHYLENE GLOVES / MEDIUM /  500UN;SEC UNIT
CUPBAS1;PORTION CUP 1OZ (2500UN);SEC
CUPBAS15;PORTION CUPS CLEAR BASE 1.5OZ (2500 UNITS);SEC
QUINOA;PROVENANCE GRAINWAYS - WHITE QUINOA  / 5KG;SEC UNIT
POW-001;PURPLE UBE SWEET POTATO POWDER (227G);SEC
CAJUNNUTS;RAW CASHEW (1KG);SEC UNIT
LEMONJUICE38;REAL LEMON - LEMON JUICE 3.8L;SEC
REALLIME12;REALIME - LIME JUICE (12X440ML);SEC
REDBULL24;RED BULL 24X250ML;SEC
MONOSODRED;RED DRAGON - MONOSODIUM GLUTAMATE 50LBS;SEC
ONIRED;RED ONIONS 25LBS;SEC 2
SUCREGLAC;RED PATH - ICING SUGAR - 1 X 1 KG;SEC
VNGREDWINE;RED WINE VINEGAR (2 X 5L);SEC UNIT
WRAPRES17;RESINITE - PLASTIC FOOD WRAP 17POX2500PO;SEC
RICEPAP30;RICE PAPER / FEUILLE DE RIZ 31CM RONDE 44X400G COCO TREE BOX;SEC
SAUCEMOUTMIEL;RICHARDSON - HONEY MUSTARD SAUCE / (2 X 4L);SEC UNIT
RICEPAP22;ROSE BRAND - (M) ROUND RICE PAPER 22CM (44X400G);SEC
JASROSE;ROSE BRAND - JASMIN RICE 20KG;SEC
BBQSAUC18;ROSE HILL - BBQ SAUCE (18KG);SEC
RHCAJUN;ROSE HILL - CAJUN SEASONING / 3.3KG;SEC
RHCHICKCOA;ROSE HILL - CHICKEN COATING MIX 18KG;SEC
SPI-001;ROSE HILL - GREEK SPICE - 1 X 525 G;SEC
POUTINEMIX;ROSE HILL - POUTINE SAUCE MIX 18KG;SEC
DRYROSEMARY;ROSEMARY / 1.1KG;SEC
TOMROSWHL;ROSSO - WHOLE PEELED TOMATOES / 6 X 100OZ;SEC 2
TARTPRESTIGE;ROUND MINI PRESTIGE TART - 245 UNIT;SEC
BAGCLS5;S5 CLEAR PLASTIC BAGS (1000UN);SEC
SAB38;SAB32-38  SALAD/POKE CLEAR BOWLS AND LIDS (150UN);SEC
MAYO;SAMANTHA MAYONNAISE (16 LT);SEC
NOODSYOR;SAMYANG - RAMEN NOODLES (ORANGE BAG) 20 X 120G;SEC
ADOB;SAN MARCOS - CHIPOTLE IN ADOBO SAUCE 6X2.84L;SEC
CHIPADO;SAN MARCOS - CHIPOTLE PEPPERS (12 X 830ML);SEC
TOMATILLOCAN;SAN MARCOS - TOMATILLOS IN CANS / 6 X 2.84L;SEC
SANPELARAN;SAN PELLEGRINO - ARANCIATA (24X330ML);SEC
SANPELARANROS;SAN PELLEGRINO - ARANCIATA ROSSA (24X330ML);SEC
SANPELWATBOTT;SAN PELLEGRINO - CARB. WATER IN GLASS BOTTLE / 15 X 750ML;SEC
SANPELWATPL;SAN PELLEGRINO - CARBONATED WATER / 24 X 500ML;SEC
SANPELLIMO;SAN PELLEGRINO - LIMONATA (24X330ML);SEC
SANPELMEL;SAN PELLEGRINO - MELOGRANO (24 X 330ML);SEC
RAM-012;SANGARIA RAMUNE LYCHEE (18X200ML);SEC
RAM-011;SANGARIA RAMUNE MELON (18X200ML);SEC
RAM-010;SANGARIA RAMUNE ORIGINAL (18X200ML);SEC
SOYASACHET;SAUCE SOYA EN SACHET (500 X 10G);SEC
SAVOYCOBOX;SAVOY - COCONUT CREAM / 24 X 400ML;SEC
SCOTCHB;SCOTCH BRITE (X24);SEC UNIT
RICEJASM9;SEA HORSE - JASMIN RICE (8KG);SEC
SHERRYV5L;SHERRY VINEGAR 5L;SEC
RICEBROWN;SHIRAKIKU - BROWN MEDIUM GRAIN RICE /  15LBS;SEC
TERIYAKISHI;SHIRAKIKU - TERIYAKI SAUCE (6 X 2.23KG);SEC
VNGSHIRAGIKU;SHIRAKIKU - VINEGAR MIZKAN - JAPAN / 20L;SEC
SUSHIRCGRAIN;SHORT GRAIN SUSHI RICE (6X3KG);SEC
BASILRAP;SHREDDED BASIL 1KG;SEC
SALT20;SIFTO - FOOD GRADE THIN SALT (20KG);SEC
SIROFRAISE;SIROP A LA FRAISE 4X3KG POKE RAMEN MOI;SEC
SIROANA;SIROP D'ANANAS 4X3KG POKE RAMEN ME;SEC
CORNSIRUP;SIROP DE MAÏS (2 X 2L);SEC UNIT
SIROLYCH;SIROP LITCHI 4X3KG POKE RAMEN MOI;SEC
SIROMANG;SIROP MANGUE 4X3KG POKE RAMEN MOI;SEC
OLIVSLICEBLK;SLICED BLACK OLIVES (6X2.84 L);SEC 2
PEPJALSL378;SLICED JALAPENO PEPPER  (4X3.78L);SEC
GLOVBLKNITSM;SMALL NITRIL BLACK GLOVES / 10 X 100 UNITS;SEC
PAPERTHERMWHTSM;SMALL WHITE THERMAL PAPER ROLLS / 2.25INCH X 60FT (50UN);SEC
PAPRIKASMOK;SMOKED PAPRIKA (520G);SEC UNIT
CANDRYTONIC;SODA TONIC / CAN.DRY / 12 X 355ML;SEC
SONORA6;SONORA - 6.5 INCH FLOUR TORTILLA (42 X 12 UNITS);SEC
SAUCESOYKIKGF;SOYA SAUCE GLUTEN FREE / 18.9L;SEC
ONI;SPANISH ONIONS 50LBS;SEC 2
CUBEFRIT;SPECTRA - SUPER FRY SHORTENING / 20 KG;SEC
EDULCOLO;SPLENDA - SACHETS D'EDULCORANTS SANS CALORIES (1000UN);SEC
SPRITECAN;SPRITE 32X355ML (ECOFEE 0.32 INCLUDED);SEC
PAPERSQUALE;SQUALE PAPER 8X11 (2000UN);SEC
SAUCEFISHSB345;SQUID BRAND - FISH SAUCE 3X4500ML;SEC
STAN711;STANISLAUS - 7/11 UNPEELED GROUND TOMATOES / 6 X 2.84L;SEC
STANFULLR;STANISLAUS - FULL RED / CONCENTRATED TOMATOES CRUSHED / 6 X 2.84L;SEC
STANPIZ;STANISLAUS - FULL RED / PIZZA SAUCE FULLY PREPARED / 6 X 2.84L;SEC
STANFULL;STANISLAUS - FULL RED / TOMATO PASTE / 6 X 2.84L;SEC
STANVALO;STANISLAUS - VALOROSO / WHOLE PEELED PEAR TOMATOES / 6 X 2.84L;SEC
SPICESTEAK;STEAK SPICE MTL STYLE (2.5KG);SEC UNIT
CONFITUREFRAISE;STRAWBERRY JAM 1.5 L;SEC
NAPKIN1PLY;SUAVE - 1-PLY DINNER NAPKINS - 12 X 250;SEC
MOISTTOWELWIN;SUAVE - MOIST TOWELETTE (X1000);SEC
SUGARGOLDYEL;SUCRE JAUNE DORE (20 KG);SEC
SUMAC;SUMAC (550G);SEC UNIT
OLIVEOILSUM;SUMMUM - OLIVE OIL (3L);SEC UNIT
SUNFLOWSEED;SUNFLOWER SEEDS / 2KG;SEC UNIT
SUPP;SUPPORT FOR PIZZA BOX WHITE (1000UN);SEC
STLIDS24;SUSHI TAXI - LIDS FOR KRAFT BOWL 24 OZ (6 X 50UN);SEC
TABASCO350;TABASCO (12 X 350 ML);SEC
TAHINKAN;TAHINI (AL KANATER BRAND) 18KG;SEC
TAJIN;TAJIN SEASONING (12 X 14OZ);SEC
TAPISTARCH;TAPIOCA STARCH / 60 X 400G;SEC
SAUCETARTAR378;TARTAR SAUCE (2 X 3.78L);SEC UNIT
FLOURTEMPBM;TEMPURA BATTER MIX FLOUR (40LBS);SEC
BIFTEQUE;THE KEG- STEAK SPICE / 1.1KG;SEC UNIT
PAP-001;THERMAL PAPER ROLL 3X3 2 PLY;SEC
THYMELEAVES;THYME LEAVES (650G);SEC UNIT
TOM;TOMATOES 6X6;SEC 2
TOMYUM454;TOMYUM - SOUR PASTE / 454G;SEC UNIT
SOUPBASETONKO;TONKOTSU SOUP BASE (6 X 2KG);SEC
OLIVEOILTRUF;TRUFFLE OLIVE OIL (250ML);SEC
PAPERSQUARERC22TS;TS - SQUARE RICE PAPER  22CM  / 40 X 400G;SEC
CONTSUSHIV5;V5 CLEAR HINGED SUSHI CONTAINER (240UN);SEC
SEAL68;VACUUM SEALING BAGS  6/8 (100UM);SEC UNIT
SEAL1014;VACUUM SEALING BAGS 10X14 (100UN);SEC UNIT
SEAL1216;VACUUM SEALING BAGS 12/16 (100UN);SEC
SEAL812;VACUUM SEALING BAGS 8/12 (100UN);SEC UNIT
VANEX;VANILLA EXTRACT 473ML;SEC
VEGEOIL;VEGETABLE OIL (16L);SEC
VEL22;VEL022 (500PCS);SEC
PLATVELO072;VEL072 PLASTIC PLATTERS (500X);SEC
VEL-52;VEL072 PLASTIC PLATTERS (500X);SEC
VEL93;VEL093 (240 PCS);SEC
VNGFUKI;VINEGAR FUJI SEASONING / 20L;SEC
VNGMD43;VINEGAR MD-43 / 20L;SEC
VNGSD51;VINEGAR SD-51 / 20L;SEC
PIQUILLO;VINITEAU - PIQUILLO PEPPERS (6X2.5KG);SEC
DRK-004;VIVALOE STRAWBERRY KIWI 12X500ML;SEC
RICEWAI;WAIWAI - RICE VERMICELLI / 24 X 500G;SEC
POWWASABI;WASABI POWDER / 10 X 1KG;SEC
VNGWHITEWINE;WHITE *WINE* VINEGAR /  (2 X 5L);SEC UNIT
CUP-003;WHITE COFFEE CUPS 16 OZ - 1000PCS;SEC
CUP-004;WHITE COFFEE CUPS 8OZ - 1000PCS;SEC
BAGKIRK37;WHITE GARBAGE BAGS 37L (320UN);SEC
SUSHIGWHITE;WHITE MARINATED GINGER SUSHI (25LBS);SEC
FLOURRICE;WHITE RICE FLOUR (30X400G);SEC
SESAMEWHTPCS;WHITE ROASTED SESAME SEEDS (1 KG);SEC UNIT
SESAMEWHT;WHITE ROASTED SESAME SEEDS FULL BOX (12 X 1 KG);SEC
SUGARSACH;WHITE SUGAR PACKETS (2000 UN);SEC
PAPTOWSWAN1930;WHITE SWANN 01930 - PAPER TOWEL ROLLS (X24);SEC
SUGAR20;WHITE THIN SUGAR (20KG);SEC
VNGR;WHITE VINEGAR (6X4LBS);SEC
CORNCAN6X;WHOLE CORN KERNEL / 6 X 2.84L;SEC
CORNKERNEL;WHOLE KERNEL CORN NIBLETS (12X341ML);SEC
SAUCEWORCEST568;WORCESTERSHIRE SAUCE - LEA PERRINS - 568ML;SEC UNIT
GLOVNIXL;XL NITRIL BLACK GLOVES / 10 X 100 UNITS;SEC
GLOVVINXL;XLARGE VINYL CLEAR GLOVES / 10 X 100 UNITS;SEC
NORIGHALF;YAMADA - NORI GOLD *HALF* SHEET BIG BOX / 4 X 1000UN;SEC
YAMADANOR;YAMADA - NORI GOLD FULL SHEET (4000 UNITS);SEC
SOYAPAPYEL;YELLOW SOYA PAPER (X10PACKS);SEC
DRYTOMYUP;YUPIK - TOMATES SECHEES (2.27 KG);SEC UNIT
JUICEYUZU;YUZU JUICE 500ML;SEC UNIT
ZAGGAS750;ZAGORI CARBONATED WATER GLASS BOTTLE (12X750ML);SEC
